ime,ocena_ign
World of Warcraft: Legion,9.1
Fallout 4: Nuka-World,7.9
Master of Orion,7.1
Grow Up,7.8
StarCraft II: Nova Covert Ops - Mission Pack 2,6.4
Batman: The Telltale Series - Episode 1: Realm of Shadows,7.5
Human: Fall Flat,7.9
Starbound,9.1
Fallout 4: Vault-Tec Workshop,8.2
Quadrilateral Cowboy,8.5
Kentucky Route Zero - Act IV,8.5
Ghostbusters,4.4
Necropolis,6.5
Furi,6.8
The Technomancer,4.9
Edge of Nowhere,6.7
Overwatch,9.4
Salt and Sanctuary,8.6
Fallout 4: Far Harbor,8.3
XCOM 2 - Alien Hunters,7.7
Total War: WARHAMMER,8.6
DOOM,7.1
Stellaris,6.3
The Walking Dead: Michonne - Episode 3: What We Deserve,6.3
Battlefleet Gothic: Armada,7.1
The Banner Saga 2,8.9
Fallout 4: Wasteland Workshop,5.5
Hyper Light Drifter,7.6
StarCraft II: Nova Covert Ops - Mission Pack 1,6.2
Enter the Gungeon,8.5
The Walking Dead: Michonne - Episode 2: Give No Shelter,7.2
Ashes of the Singularity,7.7
Stardew Valley,8.8
Fallout 4: Automatron,7.5
Day of the Tentacle Remastered,8.8
Grim Dawn,8.7
The Flame in the Flood,7.3
Devil Daggers,8.5
SUPERHOT,7.5
Layers of Fear,5.8
Dying Light: The Following,8.8
XCOM 2,9.3
Bombshell,6.9
Darkest Dungeon,9.1
Homeworld: Deserts of Kharak,8.8
Tharsis,4.8
Gemini: Heroes Reborn,6.4
Resident Evil 0: HD Remaster,6.5
Punch Club,6.5
Oxenfree,8.2
King's Quest Chapter 2: Rubble Without a Cause,6.7
DiRT Rally,8.9
Star Wars: The Old Republic - Knights of the Fallen Empire,6.5
Starcraft II: Legacy of the Void,8.9
Hard West,7.3
Game of Thrones: Episode Six - The Ice Dragon,6.7
Guild Wars 2: Heart of Thorns,7.6
Lovers in a Dangerous Spacetime,8.5
Warhammer: End Times - Vermintide,7.2
Sword Coast Legends,5.5
Kingdom,7.7
BROFORCE,8.8
Minecraft: Story Mode - Episode 1: The Order of the Stone,7.3
Sid Meier's Civilization: Beyond Earth - Rising Tide,7.1
Prison Architect,8.3
Cities: Skylines - After Dark,6.5
Might & Magic: Heroes VII,6.4
Assault Android Cactus,8.8
Blood Bowl 2,7.8
World of Warships,8.3
SOMA,8.1
Armello,5.6
Pillars of Eternity: The White March - Part 1,6.8
Volume,8.1
Beyond Eyes,5.5
Submerged,6.8
The Magic Circle,7.8
Game of Thrones: Episode Five - A Nest of Vipers,6.5
F1 2015,4.8
Final Fantasy XIV: Heavensward,8.6
Legends of Eisenwald,7.3
Massive Chalice,6.7
Her Story,8.5
LEGO Jurassic World,7.6
Heroes of the Storm,6.5
Audiosurf 2,7.5
Magicka 2,7.7
Magnetic: Cage Closed,6.5
Game of Thrones: Episode Four - Sons of Winter,8.2
Galactic Civilizations III,8.6
"Invisible, Inc.",8.5
Project CARS,8.9
Shadowrun Chronicles: Boston Lockdown,6.5
Magicka: Wizard Wars,6.4
Infinite Crisis,6.9
Dungeons 2,5.2
Halo: Spartan Strike,7.2
Crypt of the NecroDancer,8.8
StarDrive 2,6.9
I Am Bread,7.2
Game of Thrones: Episode Three - The Sword in the Darkness,7.7
Borderlands: The Pre-Sequel - Claptastic Voyage and Ultimate Vault Hunter Upgrade Pack 2,8.4
Tales From The Borderlands: Episode 2 - Atlas Mugged,8.8
Sid Meier's Starships,6.5
Hotline Miami 2: Wrong Number,8.8
Cities: Skylines,8.5
Aaru's Awakening,6.7
Frozen Cortex,8.1
Sunless Sea,8.3
Void Destroyer,7.1
The Escapists,7.6
Fahrenheit: Indigo Prophecy Remastered,6.2
Total War: Attila,8.1
Grow Home,8.8
Gravity Ghost,7.4
Apotheon,6.9
Chaos Heroes Online,5.6
Supreme League of Patriots,5.7
Grim Fandango Remastered,9.3
Grey Goo,7.6
Citizens of Earth,6.5
Blackguards 2,7.8
Craft the World,6.2
Scrolls,7.4
NEO Scavenger,7.9
Elite: Dangerous,7.4
Dead State,6.8
The Witcher Adventure Game,6.9
The Talos Principle,8.3
Randal's Monday,4.5
Valkyria Chronicles,8.8
A Bird Story,8.8
Tales From The Borderlands: Episode 1 - Zer0 Sum,8.8
This War of Mine,8.4
Company of Heroes 2: Ardennes Assault,8.2
Escape Dead Island,6.8
Depth,7.7
Dreamfall Chapters Book One: Reborn,6.5
Dungeon of the Endless,8.1
Dragon Age: Inquisition,8.8
Football Manager 2015,8.9
Spacebase DF-9,6.8
Lords of the Fallen,7.4
Sid Meier's Civilization: Beyond Earth,7.9
Legend of Grimrock II,8.6
Styx: Master of Shadows,7.2
Watch Dogs: Bad Blood,6.8
Costume Quest 2,7.6
Ancient Space,6.6
The Vanishing of Ethan Carter,8.5
Gauntlet,6.8
Wasteland 2,8.4
Hack 'n' Slash,7.7
Minimum,6.5
Planetary Annihilation,4.8
The Sims 4,7.5
Dead Rising 3: Apocalypse Edition,8.3
Lichdom: Battlemage,6.5
The Walking Dead: Season Two Episode 5 - No Going Back,9.5
Shadowgate,6.4
Orbital Gear,6.5
Metro Redux,8.6
Firefall,5.7
Risen 3: Titan Lords,5.2
Out of the Park Baseball 15,8.5
Xenonauts,7.8
Road Not Taken,6.7
Sacred 3,6.5
Abyss Odyssey,6.7
Magic: Duels of the Planeswalkers 2015,4.5
The Wolf Among Us: Episode 5 - Cry Wolf,9.3
Transformers: Rise of the Dark Spark,4.9
Sniper Elite III,8.2
GRID Autosport,8.3
Enemy Front,4.7
Among the Sleep,7.3
The Incredible Adventures of Van Helsing II,7.4
Tropico 5,7.2
Tesla Effect: A Tex Murphy Adventure,6.8
"Sir, You Are Being Hunted",7.7
Wargame: Red Dragon,7.6
The Last Federation,6.9
Daylight,5.8
FTL: Advanced Edition,9.6
War of the Vikings,3.5
ETHER One,7.9
Trials Fusion,8.2
The Wolf Among Us: Episode 3 - A Crooked Mile,9.2
Age of Wonders III,7.1
SMITE,8.5
Diablo III: Reaper of Souls,9.1
BioShock Infinite: Burial at Sea - Episode Two,8.8
Luftrausers,8.7
Master Reboot,6.2
The Walking Dead: Season Two Episode 2 - A House Divided,9.5
Thief,6.8
Banished,8.3
Horizon,6.5
Strike Vector,7.7
Loadout,6.9
The Wolf Among Us: Episode 2 - Smoke and Mirrors,8.5
The Castle Doctrine,4.5
Blackguards,7.8
Octodad: Dadliest Catch,7.8
Might & Magic X: Legacy,7.3
Insurgency,7.5
CONSORTIUM,7.2
KickBeat: Steam Edition,6.5
Assassin's Creed Liberation HD,5.2
Broken Age: Act 1,9.5
continue?9876543210,7.9
Not The Robots,6.5
The Banner Saga,8.6
Metal Gear Rising: Revengeance,8.5
Ravensword: Shadowlands,5.6
Samurai Gunn,8.3
World of Warplanes,7.8
Air Conflicts: Vietnam,3.5
The Novelist,6.5
The Raven: Legacy of a Master Thief - A Murder of Ravens,6.5
Redshirt,7.4
X Rebirth,4.3
Baldur's Gate II: Enhanced Edition,8.3
Chivalry: Deadliest Warrior,8.1
SimCity: Cities of Tomorrow Expansion Pack,7.5
Path of Exile,8.8
Eldritch,7.7
Prime World,5.9
Batman: Arkham Origins,7.8
The Stanley Parable,8.8
Glare,7.1
Knock-knock,6.2
Soundodger+,7.3
Legends of Aethereus,4.7
Dragon's Prophet,5.1
The Raven: Legacy of a Master Thief - Ancestry of Lies,5.5
Alien Rage,4.4
Guardians of Middle-Earth,7.9
Shadow Warrior,8.6
MechWarrior Online,7.3
Scribblenauts Unmasked: A DC Comics Adventure,9.1
Narco Terror,6.5
Foul Play,8.1
Amnesia: A Machine for Pigs,8.3
Total War: Rome II,8.8
Sid Meier's Ace Patrol,7.9
Outlast,7.8
Space Hulk,6.7
Guncraft,6.4
Teleglitch: Die More Edition,7.8
Europa Universalis IV,8.9
Gone Home,9.5
"Papers, Please",8.7
Divinity: Dragon Commander,7.8
Guacamelee! Gold Edition,9.1
Rise of the Triad,4.3
Halo: Spartan Assault,6.7
Shadowrun Returns,7.3
Dota 2,9.4
R.I.P.D. The Game,4.5
Legends of Dawn,2.8
Leisure Suit Larry: Reloaded,4.1
Kentucky Route Zero - Act II,9.1
Sid Meier's Civilization V: Brave New World,9.4
Magic: Duels of the Planeswalkers 2014,8.1
Rising Storm,8.3
Dungeons & Dragons: Chronicles of Mystara,8.3
Neverwinter,6.8
Magrunner: Dark Pulse,6.8
Marvel Heroes,5.7
The Night of the Rabbit,7.9
Wargame: AirLand Battle,8.4
The Swapper,9.3
Thunder Wolves,6.7
Reus,6.8
Sanctum 2,8.5
Metro: Last Light,7.7
StarDrive,4.5
Mars: War Logs,5.3
Zeno Clash II,6.4
Fez,9.5
Sacred Citadel,5.9
God Mode,6.7
Surgeon Simulator 2013,7.8
Star Wars: The Old Republic - Rise of the Hutt Cartel,7.6
ShootMania Storm,7.8
Cities in Motion 2,7.5
Slender: The Arrival,6.5
Incredipede,8.5
Super House of Dead Ninjas,8.3
Starcraft II: Heart of the Swarm,8.6
The Banner Saga: Factions,7.8
March of the Eagles,7.9
Retrovirus,6.6
Akaneiro: Demon Hunters,4.5
Dungeonland,4.6
Proteus,8.5
Antichamber,8.6
Fieldrunners 2,8.1
Strike Suit Zero,7.5
Kentucky Route Zero - Act I,8.3
Primordia,6.8
Omerta: City of Gangsters,5.2
Ace of Spades,5.9
AirBuccaneers,7.5
The Sims 3 Seasons,7.5
Nancy Drew: The Deadly Device,6.8
Rift: Storm Legion,8.3
Miasmata,7.9
Baldur's Gate: Enhanced Edition,8.1
Assassin's Creed III,8.6
Scribblenauts Unlimited,8.8
Elemental: Fallen Enchantress,7.9
Guns of Icarus Online,7.3
Farming Simulator 2013,7.1
Primal Carnage,7.6
Chivalry: Medieval Warfare,7.9
Hotline Miami,8.8
The Lord of the Rings Online: Riders of Rohan,8.3
Diaspora: Shattered Armistice,7.4
Ravaged,6.7
Colour Bind,6.2
World of Warcraft: Mists of Pandaria,8.7
War of the Roses,7.3
Torchlight II,9.1
The Sims 3 Supernatural,4.5
They Bleed Pixels,8.2
Home,6.5
Mass Effect 3: Leviathan,7.5
Tom Clancy's Ghost Recon Phantoms,7.5
Hoodwink,2.5
The Political Machine 2012,6.5
Anna,5.5
Roller Coaster Rampage,6.5
Tiny & Big: Grandpa's Leftovers,7.5
Sins of a Solar Empire: Rebellion,7.5
Warlock: Master of the Arcane,7.5
Inversion,5.5
TERA,6.5
Diablo III,9.5
A Valley Without Wind,5.5
MacGuffin's Curse,6.5
Risen 2: Dark Waters,6.5
Lone Survivor,8.5
Blacklight: Retribution,8.5
Legend of Grimrock,8.5
Waves,8.5
Pineapple Smash Crew,5.5
4 Elements II,7.5
Oil Rush,6.5
SOL: Exodus,5.5
Unstoppable Gorg,6.5
Afterfall: InSanity,4.5
Q.U.B.E.,6.5
Postal III,5.5
Earth Defense Force: Insect Armageddon,7.5
Anno 2070,8.5
To the Moon,7.5
Batman: Arkham City,9.5
Saints Row: The Third,8.5
Sword of the Stars II: Lords of Winter,2.5
L.A. Noire: The Complete Edition,8.5
The Elder Scrolls V: Skyrim,9.5
Rochard,8.5
Sonic Generations,8.5
Stronghold 3,5.5
Before the Echo,6.5
Dungeon Defenders,8.5
The Sims 3: Pets,7.5
Dragon Age II: Mark of the Assassin,8.5
The Binding of Isaac,7.5
OIO The Game,7.5
Dragon Nest,8.5
Rage,8.5
Blocks That Matter,8.5
TrackMania 2 Canyon,8.5
The Sims Medieval: Pirates & Nobles,5.5
Rock of Ages,7.5
Call of Juarez: The Cartel,4.5
Hard Reset,7.5
Tropico 4,8.5
"Warhammer 40,000: Space Marine",7.5
From Dust,8.5
Hector: Badge of Carnage - Episode 2: Senseless Acts of Justice,7.5
Pirates of Black Cove,5.5
Runespell: Overture,6.5
Dungeons of Dredmor,8.5
World of Tanks,7.5
Super Street Fighter IV: Arcade Edition,8.5
Jamestown: Legend of the Lost Colony,8.5
Magic: The Gathering - Duels of the Planeswalkers 2012,8.5
Dungeon Siege III,6.5
Back to the Future: The Game - Episode IV: Double Visions,6.5
Alice: Madness Returns,6.5
Frozen Synapse,8.5
Duke Nukem Forever,5.5
Cargo! The Quest for Gravity,5.5
Two Worlds II Castle Defense,6.5
DiRT 3,8.5
Fortix 2,7.5
Mount & Blade: With Fire & Sword,7.5
CAPSIZED,8.5
Fallout: New Vegas - Honest Hearts,7.5
Yar's Revenge,5.5
Black Mirror III: Final Fear,7.5
Brink,6.5
Hector: Badge of Carnage - Episode 1: We Negotiate With Terrorists,7.5
Your Doodles Are Bugged!,7.5
Gray Matter,7.5
Shadow Harvest: Phantom Ops,4.5
Operation Flashpoint: Red River,7.5
Dino D-Day,5.5
Portal 2,9.5
Hoard,7.5
Back to the Future: The Game - Episode III: Citizen Brown,7.5
Shift 2: Unleashed,8.5
The Sims Medieval,8.5
LEGO Star Wars III: The Clone Wars,7.5
Ghostbusters: Sanctum of Slime,4.5
Atom Zombie Smasher,7.5
Rift,8.5
Battle: Los Angeles,5.5
RISK: Factions,7.5
Dragon Age II,8.5
Alien Breed 3: Descent,6.5
Back to the Future: The Game - Episode II: Get Tannen!,8.5
"Warhammer 40,000: Dawn of War II - Retribution",8.5
Dungeons,6.5
A.R.E.S. Extinction Agenda,7.5
Test Drive Unlimited 2,5.5
Crasher,5.5
NightSky,7.5
Back to the Future: The Game - Episode I: It's About Time,8.5
Battlefield: Bad Company 2 Vietnam,9.5
Clones,6.5
Zen Bound 2,7.5
DeathSpank: Thongs of Virtue,8.5
Guardians of Graxia,5.5
The UnderGarden,6.5
Call of Duty: Black Ops,8.5
Evil Days: Pound of Ground,3.5
Bit.Trip Beat,7.5
Cooking Dash 3: Thrills & Spills,8.5
Star Wars: The Force Unleashed II,6.5
The Sims 3: Late Night Expansion Pack,7.5
DeathSpank,8.5
Lara Croft and the Guardian of Light,8.5
Patrician IV,6.5
Medal of Honor,6.5
Arcania: Gothic 4,7.5
Final Fantasy XIV Online,5.5
Worms Reloaded,8.5
R.U.S.E.,8.5
Recettear: An Item Shop's Tale,7.5
Puzzle Quest 2,8.5
Dragon Age: Origins - Witch Hunt,6.5
Mass Effect 2: Lair of the Shadow Broker,9.5
Amnesia: The Dark Descent,8.5
Drawn: Dark Flight,7.5
Wedding Dash 4-Ever,7.5
Blacklight: Tango Down,6.5
Beat Hazard,7.6
Tom Clancy's Splinter Cell: Conviction,8.5
APB (All Points Bulletin),7.7
Monkey Island 2 Special Edition: LeChuck's Revenge,8.9
LEGO Harry Potter: Years 1-4,8.5
Magic: The Gathering - Duels of the Planeswalkers,7.5
Age of Conan: Rise of the Godslayer,7.9
Alpha Protocol,6.3
Split/Second,8.5
Dragon Age: Origins - Darkspawn Chronicles,6.5
Dawn of Discovery: Venice,6.5
Left 4 Dead 2: The Passing,8.5
Grand Theft Auto: Episodes from Liberty City,9.2
Mount & Blade: Warband,8.1
"Hamlet, or the last game without MMORPG features, shaders and product placement",7.5
Mass Effect 2: Kasumi - Stolen Memory,7.5
Sam & Max: The Devil's Playhouse - Episode 1: The Penal Zone,7.2
EverQuest II: Sentinel's Fate,7.2
A Kingdom for Keflings,8.5
Silent Hunter 5: Battle of the Atlantic,5.7
Just Cause 2,8.8
Simon the Sorcerer 5: Who'd Even Want Contact?!,7.3
Metro 2033,6.9
Command & Conquer 4: Tiberian Twilight,7.4
"Warhammer 40,000: Dawn of War II - Chaos Rising",8.5
Dragon Age: Origins - Awakening,8.5
Assassin's Creed II,8.9
Global Agenda,8.4
Diner Dash 5: Boom,6.5
Major League Baseball 2K10,7.3
Supreme Commander 2,8.4
Dragon Age: Origins - Return to Ostagar,8.5
Battlefield: Bad Company 2,8.9
Borderlands: The Secret Armory of General Knoxx,8.8
Aliens vs. Predator,7.3
Napoleon: Total War,8.9
Star Trek Online,6.8
VVVVVV,7.5
BioShock 2,9.1
S.T.A.L.K.E.R.: Call of Pripyat,8.2
Blood Bowl,6.4
Mass Effect 2,9.6
Magnetis,7.5
Twin Sector,4.3
Wings of Prey,8.3
Tales of Monkey Island Chapter 5: Rise of the Pirate God,8.3
Rogue Warrior,1.5
Serious Sam HD: The First Encounter,7.5
James Cameron's Avatar: The Game,6.8
Torchlight,8.6
The Sims 3: World Adventures,8.3
Call of Duty: Modern Warfare 2,9.5
Painkiller: Resurrection,2.6
Star Wars: The Force Unleashed - Ultimate Sith Edition,7.5
Tales of Monkey Island Chapter 4: The Trial and Execution of Guybrush Threepwood,7.2
Fallen Earth: Welcome to the Apocalypse,8.1
Dreamkiller,4.2
Machinarium,8.1
Borderlands,8.8
Tropico 3,8.4
Fallout 3: Game of the Year Edition,9.6
NBA 2K10,7.9
Cities XL,8.1
CrimeCraft,5.6
Risen,8.6
Aion,8.5
Operation Flashpoint: Dragon Rising,8.2
Star Wars The Clone Wars: Republic Heroes,4.8
Champions Online,7.6
Majesty 2: The Fantasy Kingdom Sim,7.5
Batman: Arkham Asylum,9.3
Resident Evil 5,9.3
Tales of Monkey Island Chapter 2: The Siege of Spinner Cay,7.9
"Wallace & Gromit's Grand Adventures, Episode 4: The Bogey Man",7.2
Osmos,8.5
Wolfenstein,7.3
Hearts of Iron III,8.5
Trine,8.2
Bookworm Adventures: Volume 2,8.3
East India Company,7.7
Bionic Commando,7.5
Nancy Drew: The Ransom of the Seven Ships,7.3
Street Fighter IV,8.9
The Secret of Monkey Island: Special Edition,8.7
Dawn of Discovery,8.2
Droplitz,7.5
Rise of Flight: The First Great Air War,7.9
Fuel,5.1
Ice Age: Dawn of the Dinosaurs,6.5
Tales of Monkey Island Chapter 1: Launch of the Screaming Narwhal,7.9
America's Army 3,8.4
ArmA II,7.8
Harry Potter and the Half-Blood Prince,7.5
Call of Juarez: Bound in Blood,7.7
Overlord II,6.3
Fallout 3: Point Lookout,8.5
Spore Galactic Adventures,7.7
Yosumin!,7.1
Still Life 2,7.5
Alien Shooter 2: Reloaded,7.5
Damnation,2.5
Ghostbusters: The Video Game,7.6
Prototype,7.5
Restaurant Empire II,6.9
Terminator Salvation,6.3
The Sims 3,8.9
Helldorado,5.7
Tunnel Rats: 1968,3.8
Killing Floor,7.5
Necrovision,6.9
Battlestations: Pacific,7.7
Free Realms,8.8
Theatre of War 2: Africa 1943,6.8
Fallout 3: Broken Steel,8.5
The Chronicles of Spellborn,7.5
MLB Dugout Heroes,7.4
Smashing Toys,3.5
X-Men Origins: Wolverine,7.8
Cogs,7.3
Zeno Clash,8.4
And Yet It Moves,8.4
Demigod,7.5
Elven Legacy,7.7
Flock!,6.9
Wheelman,4.8
Runes of Magic,7.9
Braid,8.8
Death Track: Resurrection,6.7
The Godfather II,7.6
Leisure Suit Larry: Box Office Bust,2.2
Stormrise,2.1
Iron Grip: Warlord,4.5
BattleForge,6.6
Fallout 3: The Pitt,7.5
"Wallace & Gromit's Grand Adventures, Episode 1: Fright of the Bumblebees",8.5
The Chronicles of Riddick: Assault on Dark Athena,7.4
Wanted: Weapons of Fate,7.3
Dark Sector,7.7
The Path,7.7
The Last Remnant,6.8
Grand Ages: Rome,6.8
Tom Clancy's HAWX,6.7
Age of Booty,5.5
World in Conflict: Soviet Assault,7.8
Major League Baseball 2K9,6.6
Codename Panzers: Cold War,6.9
Watchmen: The End Is Nigh,5.5
Sins of a Solar Empire: Entrenchment,8.7
ShellShock 2: Blood Trails,4.6
Puzzle Quest: Galactrix,8.5
Empire: Total War,9.5
Drakensang: The Dark Eye,7.6
Perimeter II: New Earth,5.1
F.E.A.R. 2: Project Origin,8.3
Burnout Paradise: The Ultimate Box,8.4
Perfect World International,7.5
Commander in Chief,4.5
Fallout 3 - Operation: Anchorage,7.8
MLB Front Office Manager,6.6
MindHabits,4.5
Crayon Physics Deluxe,8.8
Mirror's Edge (2008),8.5
Saints Row 2,6.3
GTR Evolution,8.5
Barbie Horse Adventures: Riding Camp,6.2
Shattered Suns,4.3
Top Chef The Game,6.5
Avatar: The Last Airbender - Path of Zuko,4.5
Space Trader - Merchant Marine,5.8
Worldwide Soccer Manager 2009,7.9
War Plan Pacific,7.4
Rise of the Argonauts,6.5
Luxor 3,7.5
Outcry,6.8
Strong Bad's Cool Game for Attractive People Episode 5: 8-Bit Is Enough,8.6
Puzzlegeddon,7.9
Hired Guns: The Jagged Edge,5.9
A Vampyre Story,7.6
Neopets Puzzle Adventure,7.6
Secret Service,4.5
Gothic 3: Forsaken Gods,3.5
Legendary,2.5
Penny Arcade Adventures: Episode Two,8.1
CSI: NY,5.8
The Lord of the Rings Online: Mines of Moria,8.7
Grand Theft Auto IV,9.2
Chronicles of Mystery: The Scorpio Ritual,7.5
Europa Universalis: Rome - Vae Victis,7.5
Neverwinter Nights 2: Storm of Zehir,8.3
Prince of Persia,9.3
Agatha Christie: Death on the Nile,5.3
Silent Hill: Homecoming,5.5
Madagascar: Escape 2 Africa,4.3
Sword of the Stars: A Murder of Crows,7.2
Strong Bad's Cool Game for Attractive People Episode 4: Dangeresque 3: The Criminal Projective,8.5
Rhiannon: Curse of the Four Branches,7.5
Deer Hunter Tournament,6.4
Sacred 2: Fallen Angel,7.5
Call of Duty: World at War,9.2
Combat Mission: Shock Force - Marines,6.7
Bejeweled Twist,7.4
Are You Smarter Than a 5th Grader: Make the Grade,3.2
Poker For Dummies,5.3
Brain Training for Dummies,6.8
007: Quantum of Solace,7.2
Hinterland,7.2
The Guild 2: Venice,4.5
Spider-Man: Web of Shadows,5.3
Bully: Scholarship Edition,7.8
Command & Conquer: Red Alert 3,8.2
Fallout 3,9.6
Exodus from the Earth,6.2
Strong Bad's Cool Game for Attractive People Episode 3: Baddest of the Bands,8.4
Dead Space,8.7
Far Cry 2,8.9
City Life 2008 Edition,6.9
Nostradamus: The Last Prophecy,7.4
Pipe Mania,6.5
Everlight of Magic & Power,6.9
So Blonde,6.8
Brothers in Arms: Hell's Highway,7.9
CellZenith,5.7
Pure,8.4
OPERATION Mania,7.1
Kharkov: Disaster on the Donets,7.9
King's Bounty: The Legend,8.1
Ford Racing: Off Road,3.5
Sid Meier's Civilization IV: Colonization,8.7
Peggle Nights,8.4
LEGO Batman: The Videogame,7.7
Imperium Romanum: Emperor Expansion,5.9
Prison Tycoon 4: SuperMax,2.5
Nikopol: Secrets of the Immortals,8.2
Strong Bad's Cool Game for Attractive People Episode 2: Strong Badia the Free,8.2
Sinking Island,6.5
FlatOut: Ultimate Carnage,7.8
Penumbra: Requiem,7.5
Crysis Warhead,9.4
Mercenaries 2: World in Flames,7.9
Romance of the Three Kingdoms XI,7.2
The Game of Life: SpongeBob SquarePants Edition,4.3
Murder in the Abbey,3.5
Warhammer: Mark of Chaos - Battle March,6.5
The Sims 2 Apartment Life,7.7
S.T.A.L.K.E.R.: Clear Sky,7.3
Spore,8.8
The Golden Horde,5.8
Deadliest Catch: Alaskan Storm,6.5
Dracula 3: The Path of the Dragon,7.2
UberSoldier II,6.8
XIII Century: Death or Glory,7.2
1701 A.D. Gold Edition,8.3
Bionic Commando Rearmed,9.3
Space Siege,6.4
Strong Bad's Cool Game for Attractive People Episode 1: Homestar Ruiner,8.1
Beijing 2008: The Official Video Game of the Olympic Games,5.6
Space Chimps,6.7
Sam & Max: Season Two,8.1
The Immortals of Terra: A Perry Rhodan Adventure,5.8
Art of Murder: FBI Confidential,4.5
Red Baron Arcade,5.8
SimCity Societies: Destinations,6.7
Roogoo,7.1
Aces of the Galaxy,7.5
Alone in the Dark,3.5
WALL-E,7.5
Insecticide: Episode 1,7.5
Pacific Storm: Allies,6.8
Supreme Ruler 2020,7.8
Crazy Machines 2,6.8
Happy Tree Friends: False Alarm,6.2
Belief & Betrayal,5.4
The Political Machine 2008,7.3
Lost Planet: Extreme Condition Colonies Edition,7.5
Chaos Theory,6.5
Blokus World Tour,7.5
Stronghold: Crusader Extreme,4.8
Age of Conan: Hyborian Adventures,7.8
DreamWorks Kung Fu Panda,7.4
Penny Arcade Adventures: Episode One,7.8
GRID,8.7
Gumboy Tournament,6.6
Mass Effect,9.2
Harvest: Massive Encounter,5.5
Baseball Mogul 2009,6.2
Galactic Civilizations II: Twilight of the Arnor,9.1
Dancing with the Stars,3.5
Iron Man,3.5
Dream Pinball 3D,5.1
Sudden Strike 3: Arms for Victory,5.3
Lumines,6.8
Jack Keane,7.5
Panzer Command: Kharkov,6.7
Cleopatra: Riddle of the Tomb,7.7
Tom Clancy's Rainbow Six: Vegas 2,7.7
Magic: The Gathering Online III,5.5
Europa Universalis: Rome,8.7
"Sam & Max Episode 205: What's New, Beelzebub?",8.2
Assassin's Creed: Director's Cut Edition,7.8
Rhem 3: The Secret Library,6.5
Warriors Orochi,5.7
Obscure: The Aftermath,7.5
Sam & Max Episode 204: Chariots of the Dogs,8.3
AGEOD's American Civil War: 1861-1865 - The Blue and the Gray,6.2
The Experiment,6.8
Lost: Via Domus,5.5
The Club,6.9
AudioSurf,8.6
Sam & Max Episode 203: Night of the Raving Dead,6.8
The Sims 2: FreeTime,8.3
The Spiderwick Chronicles,7.5
Sins of a Solar Empire,8.9
Pirates of the Burning Sea,8.2
SunAge,5.2
Savage 2: A Tortured Soul,8.3
Out of This World,8.5
The Sims: Castaway Stories,7.3
Penumbra: Black Plague,7.7
Battlestar Galactica,5.1
Carol Vorderman's Sudoku,7.8
Taito Legends 2,7.5
Shadowgrounds Survivor,7.6
Sam & Max Episode 202: Moai Better Blues,8.2
The Golden Compass,3.5
Alvin and the Chipmunks,2.2
The History Channel: Battle for the Pacific,4.9
Next Life,4.5
Hot Wheels: Beat That!,3.5
Fantasy Wars,7.8
Darkness Within: In Pursuit of Loath Nolder,5.1
World Series of Poker 2008: Battle for the Bracelets,7.9
EverQuest II: Rise of Kunark,8.2
Dawn of Magic,5.4
Soldier of Fortune: Payback,5.9
Cabela's Big Game Hunter: Trophy Bucks,4.8
Tabula Rasa,7.5
Need for Speed: ProStreet,6.9
Empire Earth III,5.4
BlackSite: Area 51,6.5
SimCity Societies,5.8
Viva Pinata,8.2
Guitar Hero III: Legends of Rock,8.5
Crysis,9.4
Supreme Commander: Forged Alliance,8.6
Gears of War,8.7
RACE 07: Official WTCC Game,8.5
F.E.A.R. Perseus Mandate,5.9
Hellgate: London,6.8
Call of Duty 4: Modern Warfare,9.4
You Are Empty,2.1
TimeShift,7.6
The Witcher,8.5
Clive Barker's Jericho,5.6
Fury,6.5
Flight Simulator X: Acceleration,8.2
CSI: Crime Scene Investigation: Hard Evidence,6.1
Nancy Drew: Legend of the Crystal Skull,7.5
Thrillville: Off the Rails,7.9
Heroes of Might and Magic V: Tribes of the East,7.9
Neverwinter Nights 2: Mask of The Betrayer,8.5
Puzzle Quest: Challenge of the Warlords,8.6
Half-Life 2: Episode Two,9.4
Portal,8.2
Team Fortress 2,8.9
The Orange Box,9.5
Spider-Man: Friend or Foe,4.9
The Chosen - Well of Souls,4.5
Enemy Territory: Quake Wars,8.5
The Settlers: Rise of an Empire,6.5
Undercover: Operation Wintersun,6.5
Company of Heroes: Opposing Fronts,8.8
Galactic Assault: Prisoner of Power,6.2
Stranglehold,8.1
Guild Wars: Eye of the North,7.9
Sherlock Holmes: The Awakened,8.1
Combat Mission: Shock Force,5.2
Two Worlds,7.3
Medieval II: Total War Kingdoms,8.4
World in Conflict,9.3
Medal of Honor: Airborne,7.9
Instinct (2007),1.7
BioShock,9.7
Attack on Pearl Harbor,4.6
Sword of the New World: Granado Espada,6.5
UFO: Extraterrestrials,5.9
Tom Clancy's Ghost Recon Advanced Warfighter 2,7.2
Sid Meier's Civilization IV: Beyond the Sword,8.9
Call for Heroes: Pompolic Wars,1.2
No Surrender: Battle of the Bulge,5.5
Call of Juarez,6.8
Space Force: Rogue Universe,5.1
DiRT,8.4
Lost Planet: Extreme Condition,5.8
FreeStyle Street Basketball,6.8
Sword of the Stars: Born of Blood,7.2
Harry Potter and the Order of the Phoenix,7.3
LA Street Racing,6.5
Marine Sharpshooter 3,3.5
Halo 2,7.5
Made Man: Confessions of the Family Blood,2.4
Shadowrun,6.8
UFO: Afterlight,7.4
Infernal,5.1
Resident Evil 4,7.7
CellFactor: Revolution,5.2
The Lord of the Rings Online: Shadows of Angmar,8.6
ArmA: Combat Operations,7.3
Spider-Man 3,4.7
Sam & Max Episode 106: Bright Side of the Moon,8.1
For Liberty!,6.5
Runaway: The Dream of the Turtle,7.2
Backyard Sports Basketball 2007,2.5
Silverfall,5.5
Genesis Rising: The Universal Crusade,6.5
Frontline: Fields of Thunder,6.4
Sam & Max Episode 105: Reality 2.0,8.2
The Elder Scrolls IV: Shivering Isles,8.5
Command & Conquer 3: Tiberium Wars,8.5
IL-2 Sturmovik: 1946,8.1
Alien Shooter: Vengeance,7.5
Silent Hunter: Wolves of the Pacific,8.8
SpaceStationSim,4.5
The Sims 2 Seasons,8.9
S.T.A.L.K.E.R.: Shadow of Chernobyl,8.2
Titan Quest: Immortal Throne,7.8
Myst Online: Uru Live,7.6
The Sims Life Stories,7.3
War Front: Turning Point,7.8
Vanguard: Saga of Heroes,7.7
Gary Grigsby's World at War: A World Divided,7.9
War Rock,5.9
Jade Empire: Special Edition,8.6
Deal or No Deal,3.1
"Sam & Max Episode 103: The Mole, the Mob and the Meatball",6.6
Battlestations: Midway,8.5
The Shield: The Game,2.1
World of Warcraft: The Burning Crusade,8.8
Europa Universalis III,8.5
Sam & Max Episode 102: Situation: Comedy,7.8
Heroes of Might and Magic V: Hammers of Fate,6.5
Tom Clancy's Rainbow Six: Vegas,8.4
Flyboys Squadron,6.6
Sonic Riders,4.2
Star Trek: Legacy,5.9
Agatha Christie: Murder on the Orient Express,6.1
Happy Feet,4.5
Wildlife Zoo,6.1
Evidence: The Last Ritual,8.1
Space Empires V,6.6
Secret Files: Tunguska,7.6
Gothic 3,4.9
Eragon,4.6
EverQuest II: Echoes of Faydwer,8.4
Cabela's African Safari,7.3
Left Behind: Eternal Forces,5.9
Phantasy Star Universe,5.5
Medieval II: Total War,8.8
Guild Wars Nightfall,8.4
Desperate Housewives: The Game,8.2
Strategic Command 2 Blitzkrieg,5.9
Neverwinter Nights 2,8.5
1701 A.D.,8.2
Stronghold Legends,5.7
Need for Speed: Carbon,8.2
The Sims 2: Pets,7.4
Marvel: Ultimate Alliance,8.2
F.E.A.R. Extraction Point,7.6
Star Wars: Empire at War: Forces of Corruption,8.5
El Matador,5.3
Ford Bold Moves Street Racing,3.5
DEFCON: Everybody Dies,8.5
Battlefield 2142,8.4
GTR 2,9.2
Caesar IV,7.7
Sam & Max Episode 101: Culture Shock,8.7
Age of Empires III: The WarChiefs,8.2
First Battalion,6.5
Joint Task Force,5.7
FIFA 07 Soccer,8.5
Age of Pirates: Caribbean Tales,7.9
"Warhammer 40,000: Dawn of War - Dark Crusade",8.7
Scarface: The World Is Yours,8.7
Tiger Woods PGA Tour 07,8.5
Mage Knight: Apocalypse,5.4
ParaWorld,7.8
Just Cause,6.8
American McGee Presents Bad Day LA,2.7
Shot Online,5.1
Big Oil: Build an Oil Empire,3.3
Company of Heroes,9.4
Perimeter: Emperor's Testament,7.6
Safecracker: The Ultimate Puzzle Adventure,6.9
Barrow Hill: Curse of the Ancient Circle,8.1
The Ship,7.4
Madden NFL 07,8.3
Sword of the Stars,7.7
Zoo Tycoon 2: African Adventure,3.5
Dungeon Siege II: Broken World,6.3
FlatOut 2,8.3
The Ant Bully,5.5
Sid Meier's Civilization IV: Warlords,8.4
Warpath,5.7
CivCity: Rome,8.2
Final Fantasy XI: Treasures of Aht Urhgan,8.4
Moscow to Berlin: Red Siege,6.2
Cars,6.8
Titan Quest,8.1
Glory of the Roman Empire,7.6
NFL Head Coach,7.2
The Secrets of Da Vinci: The Forbidden Manuscript,7.1
Desperados 2: Cooper's Revenge,7.1
Over the Hedge,6.5
Stacked with Daniel Negreanu,4.8
Half-Life 2: Episode One,8.5
Battle of Europe,5.4
SpellForce 2: Shadow Wars,8.4
Shadowgrounds,7.5
Paradise,6.2
Kao the Kangaroo Round 2,5.5
Heroes of Might and Magic V,7.8
X-Men: The Official Game,5.7
The Da Vinci Code,4.5
Guild Wars Factions,8.5
Rise of Nations: Rise of Legends,8.2
Tom Clancy's Ghost Recon Advanced Warfighter,8.1
Bone: The Great Cow Race,8.6
Keepsake,7.2
Auto Assault,7.5
Call of Cthulhu: Dark Corners of the Earth,7.8
FIFA World Cup: Germany 2006,8.4
Dreamfall: The Longest Journey,7.4
CSI: Crime Scene Investigation: 3 Dimensions of Murder,8.6
American Conquest: Divided Nation,5.6
Condemned: Criminal Origins,8.5
Crime Stories: From the Files of Martin Mystere,5.2
Commandos Strike Force,7.5
Tomb Raider: Legend,8.2
Red Orchestra: Ostfront 41-45,8.5
RF Online,5.5
Full Spectrum Warrior: Ten Hammers,8.2
True Crime: New York City,6.5
Blazing Angels: Squadrons of WWII,6.8
The Elder Scrolls IV: Oblivion,9.3
Dungeons & Dragons Online: Stormreach,7.5
The Godfather,7.9
EverQuest II: Kingdom of Sky,7.7
The Sims 2: Open for Business,7.8
SWAT 4: The Stetchkov Syndicate,8.5
Galactic Civilizations II: Dread Lords,8.7
Scratches,7.7
Virtual Skipper 4,6.8
Tom Clancy's Rainbow Six: Lockdown,6.5
MX vs. ATV Unleashed,7.5
Star Wars: Empire at War,7.6
Torino 2006 - The Official Video Game of the XX Olympic Winter Games,4.4
25 to Life,3.3
Cross Racing Championship 2005,7.5
Space Hack,5.5
Star Wars Galaxies: Starter Kit,7.7
Zoo Tycoon 2: Endangered Species,6.5
Star Wars Galaxies: Trials of Obi-Wan,7.8
Stubbs the Zombie in Rebel Without a Pulse,7.5
UFO: Aftershock,7.5
"The Chronicles of Narnia: The Lion, The Witch and The Wardrobe",8.3
"Ed, Edd n Eddy: The Mis-Edventures",2.9
Battle of Britain II: Wings of Victory,8.2
EverQuest II: Desert of Flames,8.2
Jetfighter 2015,6.8
The Matrix: Path of Neo,6.5
Earth 2160,7.9
Harry Potter and the Goblet of Fire,7.2
Need for Speed: Most Wanted,8.5
Bratz: Rock Angelz,7.5
Mall Tycoon 3,6.8
Sniper Elite,7.5
Shattered Union,7.5
Call of Duty 2,8.5
RollerCoaster Tycoon 3: Wild!,7.9
Sid Meier's Civilization IV,9.4
Worms 4: Mayhem,7.5
Evil Dead: Regeneration,6.6
Age of Empires III,8.8
Quake 4,8.2
F.E.A.R.,9.2
Serious Sam II,8.2
Brothers in Arms: Earned in Blood,8.8
Ultimate Spider-Man,8.4
Bone: Out From Boneville,5.9
Blitzkrieg 2,8.4
Rome: Total War Barbarian Invasion,8.8
Black & White 2,8.8
Tiger Woods PGA Tour 06,8.7
Day of Defeat: Source,8.4
Nibiru: Age of Secrets,6.8
Dragonshard,8.4
X-Men Legends II: Rise of Apocalypse,8.5
Myst V: End of Ages,8.8
The Suffering: Ties That Bind,8.1
Indigo Prophecy,8.3
"Warhammer 40,000: Dawn of War - Winter Assault",8.5
Fable: The Lost Chapters,8.7
The Sims 2 Nightlife,8.2
NHL 06,8.5
Big Mutha Truckers 2,5.5
Madden NFL 06,8.8
BloodRayne 2,6.8
Dungeon Siege II,8.5
Advent Rising,7.9
"Codename: Panzers, Phase Two",8.5
Salvo!,6.5
Fantastic 4,6.5
RollerCoaster Tycoon 3: Soaked!,8.2
Battlefield 2,8.9
Necromania: Traps of Darkness,4.5
Supreme Ruler 2010,7.8
GTR FIA Racing,8.5
Still Life,7.4
Area 51,7.5
Grand Theft Auto: San Andreas,9.3
Imperial Glory,8.5
Dungeon Lords,4.5
Star Wars Galaxies: Episode III Rage of the Wookiees,7.6
Tin Soldiers: Julius Caesar,7.9
Pariah,7.8
Psychonauts,8.7
Stronghold 2,6.7
Cossacks II: Napoleonic Wars,7.7
Empire Earth II,8.9
The Matrix Online,7.6
Doom 3: Resurrection of Evil,8.4
LEGO Star Wars,7.8
Darwinia,8.8
Tom Clancy's Splinter Cell: Chaos Theory,9.6
Domination,7.2
DRIV3R,5.4
Nexus: The Jupiter Incident,8.2
Silent Hunter III,8.8
Brothers in Arms: Road to Hill 30,9.1
Act of War: Direct Action,8.5
Gary Grigsby's World at War,8.5
The Moment of Silence,6.9
Heritage of Kings: The Settlers,6.5
MVP Baseball 2005,8.8
The Sims 2 University,8.5
Dangerous Waters,8.4
Star Wars: Republic Commando,8.2
Second Sight,7.5
NASCAR SimRacing,9.2
Flashpoint Germany,7.2
Star Wars: Knights of the Old Republic II - The Sith Lords,8.7
Torrente,3.3
Playboy: The Mansion,6.9
Vendetta Online,6.5
Hearts of Iron II,8.7
Time of Defiance,8.3
The Chronicles of Riddick: Escape From Butcher Bay - Developer's Cut,8.8
World of Warcraft,9.1
D-Day,5.2
Worms Forts: Under Siege,6.9
Lemony Snicket's A Series of Unfortunate Events,6.5
The Lord of the Rings: The Battle for Middle-Earth,8.3
Prince of Persia: Warrior Within,8.6
EverQuest II,8.5
Wings Over Vietnam,7.8
I of the Dragon,4.5
Joint Operations: Escalation,8.3
Space Interceptor: Project Freedom,7.8
Colin McRae Rally 2005,9.1
Ski Resort Extreme,6.2
Sid Meier's Pirates!,9.2
Blitzkrieg: Rolling Thunder,7.7
Zoo Tycoon 2,7.5
Vampire: The Masquerade - Bloodlines,8.4
Half-Life 2,9.7
Need for Speed: Underground 2,9.1
Painkiller: Battle out of Hell,7.5
FIFA Soccer 2005,8.6
NBA Live 2005,8.9
Immortal Cities: Children of the Nile,7.9
Outdoor Life: Sportsman's Challenge,6.8
MTX Mototrax,8.3
Pitfall: The Lost Expedition,7.8
Star Wars Galaxies: Jump to Lightspeed,7.9
Pacific Fighters,7.7
Medal of Honor: Pacific Assault,7.8
Scrapland,8.3
SuperPower 2,4.5
Axis & Allies,8.4
"Medieval Lords: Build, Defend, Expand",4.5
Deer Hunter 2005,7.3
Conflict: Vietnam,6.7
RollerCoaster Tycoon 3,8.5
Men of Valor,6.8
Athens 2004,4.5
Atlantis Evolution,5.5
TOCA Race Driver 2: The Ultimate Racing Simulator,8.2
Law & Order: Justice Is Served,8.4
Wanted: A Wild Western Adventure,6.5
The Saga of Ryzom,7.5
Wings of Power: WWII Heavy Bombers and Jets,8.3
Sherlock Holmes: The Silver Earring,8.3
Shark Tale,6.5
Rapala Pro Fishing,6.1
Tony Hawk's Underground 2,8.6
Port Royale 2,7.5
Chris Sawyer's Locomotion,5.8
Leisure Suit Larry: Magna Cum Laude,7.2
Knights of Honor,7.7
Unreal Tournament 2004: Editor's Choice Edition,9.4
Evil Genius,7.8
Madden NFL 2005,9.5
Final Fantasy XI: Chains of Promathia,7.5
Full Spectrum Warrior,8.8
Crusader Kings,7.6
Silent Hill 4: The Room,6.9
Rome: Total War,9.4
Army Men: Sarge's War,3.8
Kohan II: Kings of War,8.6
ShellShock: Nam '67,5.8
"Warhammer 40,000: Dawn of War",8.8
NHL 2005,8.3
The Political Machine,7.9
Star Wars: Battlefront (2004),7.5
"Codename: Panzers, Phase One",8.3
Call of Duty: United Offensive,8.4
The Sims 2,9.4
Wings of War,6.6
Anarchy Online: Alien Invasion,7.9
Chessmaster 10th Edition,8.4
Doom 3,8.9
Catwoman,3.8
Uru: The Path of the Shell,8.8
Spider-Man 2: The Game,4.5
TrackMania,5.9
Aura: Fate of the Ages,7.3
Bad Boys: Miami Takedown,4.8
Soldiers: Heroes of World War II,8.5
Lineage II: The Chaotic Chronicle,6.7
Joint Operations: Typhoon Rising,7.6
The Suffering,8.5
Ground Control II: Operation Exodus,8.8
Besieger,6.7
Blitzkrieg: Burning Horizon,7.9
City of Heroes,8.4
Thief: Deadly Shadows,8.6
Worms 3D,7.5
Rise of Nations: Thrones & Patriots,8.9
War Times,5.3
Manhunt,8.3
Hitman: Contracts,8.4
kill.switch,7.8
Breed,7.3
Sacred,7.8
Crystal Key 2: The Far Realm,5.9
KumaWar,6.3
Desert Rats vs. Afrika Korps,7.2
Jagged Alliance 2: Wildfire,6.5
Dead Man's Hand,6.2
Northland,6.4
CSI: Crime Scene Investigation: Dark Motives,8.4
Lords of the Realm III,6.4
Journey to the Center of the Earth,6.3
Squad Assault: West Front,7.2
Tom Clancy's Splinter Cell: Pandora Tomorrow,9.5
Far Cry,9.2
IL-2 Sturmovik: Forgotten Battles - Ace,8.4
Syberia II,8.6
Mace Griffin Bounty Hunter,6.3
Midnight Nowhere,7.8
Battlefield Vietnam,8.2
FireStarter,7.8
Gangland,5.8
Pirate Hunter,6.8
MVP Baseball 2004,8.5
Unreal Tournament 2004,9.4
Tom Clancy's Rainbow Six 3: Athena Sword,7.8
Drake of the 99 Dragons,2.9
Bionicle,3.5
A Quiet Weekend in Capri,6.2
Universal Combat,5.9
Vietcong: Fist Alpha,7.7
Monster Garage,3.3
Vegas Tycoon,7.7
Alien Blast: The Encounter,4.3
WWI: The Great War,6.4
Wars and Warriors: Joan of Arc,6.9
Jack the Ripper,7.8
SpellForce: The Order of Dawn,8.2
Secret Service: Security Breach,4.4
Shadowbane: The Rise of Chaos,6.3
JetFighter V: Homeland Protector,6.4
Coliseum,2.5
Dominions II: The Ascension Wars,6.5
American Idol,3.3
Silent Storm,8.1
Atari: 80 Classic Games in One,7.2
Sinbad: Legend of the Seven Seas,5.6
Delta Force: Black Hawk Down - Team Sabre,7.4
Postal 2: Share the Pain,5.6
Teenage Mutant Ninja Turtles (2003),5.3
Wildlife Park,6.8
You Don't Know Jack 6: The Lost Gold,7.3
Puzzle Pirates,8.5
Combat Mission 3: Afrika Korps,8.7
One Must Fall: Battlegrounds,6.7
Horizons: Empire of Istaria,8.2
Dark Age of Camelot: Trials of Atlantis,6.8
RC Cars,7.5
Lock On: Modern Air Combat,7.8
Mysterious Journey II,6.8
X2: The Threat,7.3
Curse: The Eye of Isis,7.8
Prince of Persia: The Sands of Time,8.8
Victoria: An Empire Under the Sun,7.2
Lords of EverQuest,6.5
Disciples II: Rise of the Elves,7.9
Magic: The Gathering - Battlegrounds,7.9
Armed and Dangerous,8.3
Neverwinter Nights: Hordes of the Underdark,8.6
NBA Live 2004,8.5
Nosferatu: The Wrath of Malachi,6.8
Broken Sword: The Sleeping Dragon,8.4
Kelly Slater's Pro Surfer,8.9
Chrome,7.9
Contract J.A.C.K.,6.1
Battle Engine Aquila,7.2
The Black Mirror,7.2
FIFA Soccer 2004,8.5
Dead to Rights,7.5
The Simpsons: Hit & Run,8.1
The Hobbit,7.5
PlanetSide: Core Combat,6.5
Harry Potter: Quidditch World Cup,7.2
Railroad Tycoon 3,8.8
The Lord of the Rings: War of the Ring,7.9
Conflict: Desert Storm II - Back to Baghdad,7.9
The Lord of the Rings: The Return of the King,8.7
Civilization III: Conquests,8.5
Hidden & Dangerous 2,7.9
The Sims: Makin' Magic,8.2
Warlords IV: Heroes of Etheria,8.5
Call of Duty,9.3
No Man's Land,7.6
Empires: Dawn of the Modern World,8.8
SeaWorld Adventure Parks Tycoon,7.5
Massive Assault,8.4
Big Mutha Truckers,5.3
Robin Hood: Defender of the Crown,7.1
The History Channel: Battle of Britain: World War II 1940,8.3
Space Colony,7.5
Starsky & Hutch,5.5
Max Payne 2: The Fall of Max Payne,9.4
Patrician III: Rise of the Hanse,9.1
Commandos 3: Destination Berlin,8.9
BloodRayne,7.3
American Conquest: Fight Back,7.8
UFO: Aftermath,7.5
Once Upon a Knight,6.9
Chaser,7.5
Freedom Fighters,8.4
Age of Mythology: The Titans,8.9
Halo: Combat Evolved,8.2
NHL 2004,8.8
EverQuest: Lost Dungeons of Norrath,8.5
Heaven & Hell (2003),4.3
Emergency Fire Response,8.4
The Temple of Elemental Evil,7.5
Rebels: Prison Escape,5.5
Medal of Honor: Allied Assault Breakthrough,8.2
Anarchy Online: Shadowlands,8.8
NASCAR Thunder 2004,8.5
Star Wars Jedi Knight: Jedi Academy,8.8
Savage: The Battle for Newerth,8.7
Battlefield 1942: Secret Weapons of WWII,8.8
Hoyle Majestic Chess,8.5
State of Emergency,6.6
Republic: The Revolution,7.2
Tony Hawk's Pro Skater 4,9.2
Lionheart: Legacy of the Crusader,6.8
Madden NFL 2004,9.3
Europa Universalis: Crown of the North,6.5
Nexagon: Deathmatch,6.9
Age of Wonders: Shadow Magic,8.5
F1 Challenge '99-'02,9.5
Big Scale Racing,6.5
Endless Ages,5.5
Lara Croft Tomb Raider: The Angel of Darkness,5.3
Midnight Club II,8.8
Pirates of the Caribbean,7.2
Air Raid: This Is Not a Drill!,2.2
Will Rock,7.2
Star Trek: Elite Force II,8.4
Rising Sun,7.7
Neverwinter Nights: Shadows of Undrentide,7.7
The Elder Scrolls III: Bloodmoon,8.9
Port Royale,8.4
MotoGP 2,8.4
The Sims: Superstar,8.3
PlanetSide,7.7
Medieval: Total War - Viking Invasion,8.6
Return to Castle Wolfenstein: Enemy Territory,8.5
RollerCoaster Tycoon 2: Wacky Worlds,5.5
Trevor Chan's Restaurant Empire,7.8
Grand Theft Auto: Vice City,9.3
Enter the Matrix,6.6
Shadowbane,7.3
Uplink: Hacker Elite,7.5
Purge,5.5
CSI: Crime Scene Investigation,8.2
Frogger Beyond,5.5
Zapper,5.5
Blitzkrieg,8.2
Pro Race Driver,7.5
Tropico 2: Pirate Cove,8.4
X2: Wolverine's Revenge,6.5
Line of Sight: Vietnam,6.5
Rayman 3: Hoodlum Havoc,8.3
Red Faction II,7.4
1503 A.D. - The New World,7.3
Galactic Civilizations,8.2
CTU: Marine Sharpshooter,4.1
New World Order,4.2
Devastation,7.4
Postal 2,5.5
MVP Baseball 2003,8.3
Metal Gear Solid 2: Substance,8.9
Indiana Jones and the Emperor's Tomb,7.2
"Casino, Inc.",7.6
High Heat Major League Baseball 2004,8.4
Airport Tycoon 2,2.5
IL-2 Sturmovik: Forgotten Battles,8.5
Heroes of Might and Magic IV: Winds of War,6.9
World of Outlaws: Sprint Cars,8.5
Ultima Online: Age of Shadows,8.1
Tom Clancy's Rainbow Six 3: Raven Shield,8.6
Delta Force: Black Hawk Down,8.9
Praetorians,8.9
A Tale in the Desert,8.9
NASCAR Racing 2003 Season,9.3
The Gladiators: The Galactic Circus Games,7.5
Freelancer,9.2
Post Mortem,7.9
Tom Clancy's Splinter Cell,9.4
Master of Orion 3,9.2
Sherlock Holmes: The Mystery of the Mummy,6.5
American Conquest,8.2
Command & Conquer: Generals,9.3
Battlefield 1942: The Road to Rome,9.1
Unreal II: The Awakening,8.2
Rise of Nations,8.2
The Sims Online,7.2
SimCity 4,9.2
Drome Racers,6.8
Impossible Creatures,8.3
Dark Age of Camelot: Shrouded Isles,8.7
Cossacks: Back to War,6.5
Neocron,6.5
Anarchy Online: The Notum Wars,8.8
ShadowFlare,6.5
Deadly Dozen: Pacific Theater,8.1
The Elder Scrolls III: Tribunal,8.6
Fighter Ace 3.5,8.4
Amazons & Aliens,4.3
Hearts of Iron,8.5
Hegemonia: Legions of Iron,8.2
NBA Live 2003,8.5
Tony Tough and the Night of Roasted Moths,5.2
Europa 1400: The Guild,8.5
O.R.B.,7.4
Dragon's Lair 3D: Return to the Lair,7.4
Robin Hood: The Legend of Sherwood,8.2
Star Trek: Starfleet Command III,8.2
Battle Realms: Winter of the Wolf,7.5
Prince of Qin,6.8
Project Nomads,6.3
Medal of Honor: Allied Assault - Spearhead,8.4
Treasure Planet: Battle at Procyon,8.5
NASCAR Thunder 2003,7.7
Antz Extreme Racing,2.4
MechWarrior 4: Mercenaries,9.1
The Sims Deluxe,9.5
Silent Hill 2,8.4
Age of Mythology,9.3
Radio Control Racers Deluxe: Traxxas Edition,6.2
Space HoRSE,5.5
EverQuest: The Planes of Power,7.8
Civilization III: Play the World,8.4
Divine Divinity,8.5
Combat Flight Simulator 3: Battle for Europe,7.3
Sniper: Path of Vengeance,3.5
The Lord of the Rings: The Fellowship of the Ring,6.5
Ultimate Ride: Disney Coaster,7.5
Earth & Beyond,8.8
Heroes of Might and Magic IV: The Gathering Storm,7.7
Dino Island,3.5
Batman: Vengeance,6.8
Syberia,7.1
Taz Wanted,6.2
Prisoner of War,7.4
Majesty: The Fantasy Kingdom Sim,8.4
Stronghold: Crusader,8.4
Bikini Karate Babes,1.5
Hitman 2: Silent Assassin,8.7
Casino Empire,6.2
Incoming Forces,7.9
NHL 2003,8.8
Empire Earth: The Art of Conquest,7.8
Tom Clancy's Ghost Recon: Island Thunder,8.4
Links 2003,8.6
Spring Break,7.8
America's Army,8.8
Industry Giant II,7.2
Chessmaster 9000,8.2
Battlefield 1942,9.3
Geoff Crammond's Grand Prix 4,8.3
Emperor: Rise of the Middle Kingdom,8.8
The Thing,8.5
Mobile Forces,6.8
Farscape: The Game,4.5
FIFA 99,8.7
Celtic Kings: Rage of War,8.2
Mafia,9.2
Medieval: Total War,8.9
Madden NFL 2003,9.2
US Open 2002,6.4
Operation Flashpoint: Resistance,7.9
Hooligans,2.3
Hooligan,2.3
Starcraft,9.5
Uncommon Valor: Campaign for the South Pacific,8.2
MechWarrior,5.5
MechWarrior 4: Inner Sphere 'Mech Pack,5.5
F1 2002,9.3
Magic: The Gathering Online,7.5
Assimilation,6.8
Warcraft III: Reign of Chaos,9.3
The Sims,9.5
Jazz and Faust,2.2
Ultimate Ride Coaster Deluxe,7.5
Shadow of Destiny,8.7
Age of Wonders II: The Wizard's Throne,8.5
Extreme Paint Brawl,0.7
Pac-Man All-Stars,6.4
Muscle Car II: American Spirit,1.5
Duke Nukem: Manhattan Project,7.7
Age of Empires II: The Conquerors Expansion,8.2
2002 FIFA World Cup,9.3
Rally Trophy,7.6
The Sum of All Fears,8.7
Grand Theft Auto III,9.4
Baseball Mogul 2003,8.9
Soldier of Fortune II: Double Helix,8.8
Warrior Kings,7.8
Star Wars Galactic Battlegrounds: Clone Campaigns,7.8
The Elder Scrolls III: Morrowind,9.4
Atari Revival,5.2
Factory Mogul,5.8
Carmageddon 3: TDR 2000,5.8
Army Men: RTS,7.7
Die Hard: Nakatomi Plaza,5.5
Tactical Ops: Assault on Terror,5.6
Jane's Attack Squadron,4.5
Alfred Hitchcock presents The Final Cut,6.1
Cossacks: The Art of War,7.5
Might and Magic IX,6.7
Heroes of Might and Magic IV,8.7
Global Operations,8.4
Carnivores: Cityscape,6.5
Blood Omen 2,7.1
Tony Hawk's Pro Skater 3,9.3
Dungeon Siege,8.5
Tom Clancy's Ghost Recon: Desert Siege,8.6
Freedom Force,9.3
Star Trek: Starfleet Command,8.3
Diggles,7.2
Dark Planet: Battle for Natrolis,7.5
Warlords Battlecry II,8.5
Moto Racer 3,6.9
NASCAR Racing 2002 Season,8.9
Fighter Ace,8.2
Destroyer Command,5.6
Grandia II,7.9
Fighter Ace III,8.2
Varmint Hunter,1.2
Command & Conquer: Renegade,7.4
Mall Tycoon,4.7
Jekyll & Hyde (2001),2.7
Tiger Woods PGA Tour 2002,8.2
Hunting Unlimited,7.5
Tropico: Paradise Island,8.5
Serious Sam: The Second Encounter,9.2
Star Wars: Starfighter,7.7
Sid Meier's SimGolf,8.5
SimGolf,8.5
Disciples II: Dark Prophecy,8.6
Baseball Mogul 2002,8.7
Car Tycoon,4.2
Original War,4.5
Black & White: Creature Isle,7.9
Gothic,8.6
Clusterball,6.8
Backyard Basketball,6.5
Tetris Worlds,5.7
Battlecruiser Millennium,7.2
Fighting Legends,6.5
Majesty: The Northern Expansion,7.8
Frank Herbert's Dune,8.2
EverQuest: The Shadows of Luclin,8.5
Casino,6.2
Dig Dug Deeper,6.5
Ballistics,7.2
Survivor (2001),2.4
Lineage: The Blood Pledge,7.8
Tennis Masters Series,6.5
S.W.I.N.E.,6.5
Patrician II: Quest for Power,7.9
Beyond Atlantis II,8.3
Legacy of Kain: Soul Reaver 2,8.8
The Sims: Hot Date,8.4
Etherlords,8.1
Kohan: Ahriman's Gift,8.3
Takeda,6.5
Trade Empires,8.3
Conflict Zone,6.7
Empire Earth,8.5
Deadly Dozen,6.4
Comanche 4,8.6
FIFA Soccer 2002,6.3
World War III: Black Gold,6.2
Battle Realms,8.7
Road to India: Between Hell and Nirvana,5.2
Asheron's Call Dark Majesty,8.4
Motor City Online,7.9
Harry Potter and the Sorcerer's Stone,6.4
F1 2001,7.9
Ultimate Ride,7.8
Supercar Street Challenge,4.9
Jumpgate: The Reconstruction Initiative,7.8
Silent Hunter II,7.8
Tom Clancy's Ghost Recon,9.3
Mystery of the Druids,4.5
Mat Hoffman's Pro BMX,7.2
4x4 EVO 2,8.4
MechWarrior 4: Black Knight Expansion,8.6
Magic & Mayhem: The Art of Magic,7.8
Sid Meier's Civilization III,9.3
Rails Across America,7.5
Real War,4.8
Stronghold,8.7
Monopoly Tycoon,8.2
Zoo Tycoon (2001),6.9
WWF With Authority!,6.8
The Weakest Link,3.5
Command & Conquer: Red Alert 2 - Yuri's Revenge,8.6
Throne of Darkness,7.5
Dragonriders: Chronicles of Pern,3.8
Zax: The Alien Hunter,7.7
Open Kart,6.8
NHL 2002,9.2
Red Faction,8.8
LEGO Racers 2,7.8
Sudden Strike Forever,7.4
Shogun: Total War,8.5
Independence War 2: Edge of Chaos,8.2
Arcanum: Of Steamworks and Magick Obscura,8.7
Political Tycoon,5.4
Anarchy Online,7.2
Majestic,7.5
Divided Ground: Middle East Conflict,6.1
The Corporate Machine,8.1
Hot Wired,5.3
Eurofighter Typhoon,8.3
Remote Assault,5.3
The Sting!,7.5
Max Payne,9.3
Cultures,7.3
Desperados: Wanted Dead or Alive,8.1
Pearl Harbor: Zero Hour,5.3
Star Trek: Deep Space Nine: Dominion Wars,5.8
Diablo II: Lord of Destruction,8.8
Poseidon,8.5
Star Trek Starfleet Command: Orion Pirates,7.8
911 Fire Rescue,5.5
Echelon,7.2
Hostile Waters: Antaeus Rising,8.7
Off-Road Redneck Racing,7.2
Rules of the Game,4.6
"Who Wants to Be a Millionaire, 3rd Edition",7.2
Gangsters 2: Vendetta,5.7
Pearl Harbor: Defend the Fleet,5.3
B-17 Gunner: Air War Over Germany,5.2
Resident Evil 3: Nemesis,7.6
Robot Arena,4.3
Merchant Prince II,7.3
Tropico,8.8
Rune: Halls of Valhalla,4.6
Evil Dead: Hail to the King,3.8
In Cold Blood,7.4
Evil Islands: Curse of the Lost Soul,8.9
Waterloo: Napoleon's Last Battle,7.8
Cossacks: European Wars,7.5
Ultima Online: Third Dawn,7.7
Tribes 2,8.9
Summoner,7.6
Kohan: Immortal Sovereigns,8.5
Adventure Pinball: Forgotten Island,6.7
High Heat Major League Baseball 2002,7.8
Star Trek Away Team,6.5
Fallout Tactics: Brotherhood of Steel,8.3
1nsane,7.1
Star Wars: Battle for Naboo,7.4
Triple Play Baseball,7.8
Black & White,9.7
Earth 2150: The Moon Project,7.5
Dracula: The Last Sanctuary,7.8
NASCAR Racing 4,9.2
KAO the Kangaroo,5.2
The Messenger,6.1
Thandor: The Invasion,4.8
Industry Giant,3.2
Bugs Bunny & Taz: Time Busters,6.8
Ducati World Racing Challenge,5.7
Icewind Dale: Heart of Winter,8.6
Stupid Invaders,7.2
Blade of Darkness,8.8
NBA Live 2001,8.3
Rowan's Battle of Britain,7.7
Airline Tycoon,7.9
Mayday,4.9
Legend of the North: Konung,4.2
Woody Woodpecker Racing,4.5
Age of Sail II: Privateer's Bounty,7.8
Age of Sail II,7.8
The Outforce,6.5
Colin McRae Rally 2.0,8.9
Wacky Races,6.2
Gold and Glory: The Road to El Dorado,4.2
Oni,7.5
Dave Mirra Freestyle BMX,6.5
America,4.5
Carnivores: Ice Age,5.1
Cyber Groove,5.4
Sudden Strike,8.1
The Ward,6.4
The Broken Land,3.7
Riddle of the Sphinx: An Egyptian Adventure,5.3
Kingdom Under Fire: A War of Heroes,7.2
Backstage Pass: The Ultimate Rock & Roll Trivia Game,7.2
Odyssey: The Search for Ulysses,5.1
Chicken Run,7.1
Harley Davidson: Wheels of Freedom,5.2
PBA Bowling,5.6
Seven Games of the Soul,3.5
X-Plane,8.2
Freedom: First Resistance,4.9
Starfleet Command Volume II: Empires at War,8.5
F1 Championship Season 2000,9.2
Quake III: Team Arena,7.8
Dirt Track Racing: Sprint Cars,7.4
You Don't Know Jack: 5th Dementia,8.2
Dino Crisis,6.4
Ski Resort Tycoon,7.4
Giants: Citizen Kabuto,9.2
Chessmaster 8000,8.3
Virtual Pool 3,8.5
The Grinch,5.5
EverQuest: The Scars of Velious,8.5
Tiger Woods PGA Tour 2001,7.5
American McGee's Alice,9.4
Tomb Raider: Chronicles,6.3
Star Trek: Deep Space Nine: The Fallen,7.8
Battle Isle: The Andosia War,7.5
Sea Dogs,8.5
Hitman: Codename 47,6.5
Fur Fighters,8.3
Blair Witch Volume III: The Elly Kedward Tale,6.8
Timeline,3.8
Counter-Strike,8.9
Championship Surfer,7.1
Delta Force: Land Warrior,7.3
The Longest Journey,9.3
The Devil Inside,8.1
Rocky Interactive Horror Show,5.3
Starship Troopers: Terran Ascendancy,7.2
4x4 Evolution,8.2
Sheep,7.6
The Operative: No One Lives Forever,9.1
Pac-Man: Adventures in Time,8.6
Escape from Monkey Island,8.7
Zeus: Master of Olympus,9.1
Rising Sun: Imperial Strike,6.6
Links 2001,8.5
Galaga: Destination Earth,6.2
SWAT 3: Elite Edition,8.8
Blair Witch Volume II: The Legend of Coffin Rock,6.7
Family Feud (2000),6.9
Death Track Racing,8.7
Deep Raider,4.1
Command & Conquer: Red Alert 2,9.3
FIFA 2001 Major League Soccer,8.8
Tony Hawk's Pro Skater 2,9.3
Breakout,6.5
Frogger 2: Swampy's Revenge,8.5
Blair Witch Volume I: Rustin Parr,6.8
Close Combat: Invasion: Normandy,8.2
Tom Clancy's Rainbow Six: Covert Ops Essentials,6.4
Hard Truck,6.2
Hard Truck 2,6.2
Combat Flight Simulator 2: WWII Pacific Theater,8.2
RollerCoaster Tycoon: Loopy Landscapes,8.2
The Dukes of Hazzard: Racing for Home,5.8
Vietnam: Black Ops,5.2
NHL 2001,9.1
Battleship: Surface Thunder,7.4
Wizards & Warriors,8.4
Maximum Pool,7.9
Reach for the Stars,5.4
Midtown Madness 2,8.5
Sanity: Aiken's Artifact,8.3
Crimson Skies,8.8
Panzer General III: Scorched Earth,7.9
MindRover: The Europa Project,8.5
Star Trek: Voyager Elite Force,8.6
High Impact Paintball,3.3
Return of the Incredible Machine Contraptions,8.4
The New Adventures of the Time Machine,7.6
Homeworld: Cataclysm,9.2
Microsoft Golf 2001 Edition,7.7
Star Trek: New Worlds,6.2
Madden NFL 2001,8.7
3D Ultra Pinball: Thrillride,7.9
Time Out Games,4.9
The Sims: Livin' Large,7.5
Sydney 2000,6.4
Urban Chaos,8.7
Who Wants to Beat Up a Millionaire,5.7
Baldur's Gate II: Shadows of Amn,9.4
Metal Fatigue,7.1
Virtual Deep Sea Fishing,3.3
Kart Challenge,5.1
Cleopatra: Queen of the Nile,8.6
Beyond Atlantis,6.4
Gromada,6.3
Bang! Gunship Elite,7.9
F1 World Grand Prix,8.3
Caesars Palace 2000: Millennium Gold Edition,7.2
Icewind Dale,8.8
Diablo II,8.3
Star Trek ConQuest Online,7.8
10Six,6.2
Deus Ex,9.4
SimCity 3000 Unlimited,9.1
PGA Championship Golf 2000,7.7
Q*bert,6.8
Star Trek: Klingon Academy,7.8
Renegade Racers,7.5
Innova Disc Golf,3.3
Evolva,7.2
Earth 2150,8.9
Ground Control,8.6
Flying Heroes,8.3
Ultima Online:  Renaissance,7.5
AI Wars: The Awakening,5.8
Martian Gothic: Unification,7.9
Emergency Rescue: Firefighters,5.5
Panty Raider: From Here to Immaturity,1.5
John Romero's Daikatana,5.8
Hot Wheels: Micro Racers,6.2
KA-52 Team Alligator,6.3
Formula 1,4.2
Motocross Madness 2,8.6
Puzz 3D: The Orient Express,3.5
SafeCracker,5.2
F1 2000,8.1
Ultimate Hunt Challenge,5.5
Test Drive Le Mans,7.5
Tachyon: The Fringe,8.4
Colin McRae Rally,6.7
Allegiance,8.2
Chase Ace 2,8.4
EverQuest: The Ruins of Kunark,8.5
Championship Bass,8.5
StarLancer,9.2
Sammy Sosa Softball Slam,4.6
Crystal Key,6.8
Legend of the Lotus Spring,4.2
Edgar Torronteras' Moto-X 2000,5.5
Super Scattergories,6.2
Shadow Watch,8.4
F/A-18E Super Hornet,5.5
Beetle Buggin',7.2
Tzar: The Burden of the Crown,6.9
Command & Conquer: Tiberian Sun - Firestorm,7.4
Microsoft Baseball 2001,7.9
Messiah,7.3
Codename Eagle,7.3
Army Men: Air Tactics,4.5
NASCAR 2000,7.2
Need for Speed: Porsche Unleashed,7.9
Risk II,8.3
Croc 2,6.5
Total Annihilation: Kingdoms - The Iron Plague,5.8
Invictus: In the Shadow of Olympus,5.9
PBA Bowling 2,4.5
Star Wars: Force Commander,4.7
Might and Magic VIII: Day of the Destroyer,6.5
Stephen King's F13,2.1
Die Hard Trilogy 2: Viva Las Vegas,5.7
Deer Hunter,8.2
Deer Hunter 3,8.2
Tread Marks (2000),6.9
Swamp Buggy Racing,1.9
Killer Loop,8.1
X: Beyond the Frontier,7.7
Y2K: The Game,5.7
Microsoft Soccer,7.6
Nox,8.9
Blaze & Blade - Eternal Quest,4.4
Bust-A-Move 4,6.4
Crossman Extreme Paintbrawl 2,2.6
Pain,2.6
South Park Rally,4.9
1602 A.D.,7.9
F/A-18,8.5
Final Fantasy VIII,7.4
Carnivores 2,7.3
Descent 3: Mercenary,8.8
NASCAR Legends,8.9
Battlezone II: Combat Commander,7.9
Asheron's Call,6.4
Professional Bull Rider,7.6
Scrabble (1996),7.8
Lightbringer,5.2
Extreme Rock Climbing,4.5
Shanghai: Second Dynasty,8.8
Sid Meier's Antietam!,8.8
Missile Command,6.8
Rubik's Games,7.5
Colt's Wild West Shootout,3.9
3D Ultra RC Racers,6.2
Test Drive: Off-Road 3,7.3
Star Wars: Pit Droids,7.5
Touring Car Challenge,5.5
Tonic Trouble,6.3
TOCA 2: Touring Car Challenge,5.5
Planescape: Torment,9.2
Tanktics,3.5
Monopoly Casino,7.5
Napoleon 1813,6.4
South Park: Chef's Luv Shack,5.5
Dirt Track Racing,8.8
Test Drive 6,6.5
Who Wants to be a Millionaire?,6.2
Links LS 2000,8.2
Ultima IX: Ascension,6.2
Quake III Arena,9.3
Hype: The Time Quest,7.8
Close Combat: Battle of the Bulge,8.4
NBA Live 2000,9.2
"Gabriel Knight 3: Blood of the Sacred, Blood of the Damned",8.3
Indiana Jones and the Infernal Machine,7.8
Unreal Tournament (1999),9.6
Age of Wonders,8.8
Panzer Elite,5.3
The Wheel of Time(1999),7.3
Amerzone: The Explorer's Legacy,5.5
SWAT 3: Close Quarters Battle,8.6
Diplomacy (1999),6.6
Akuma: Demon Spawn,3.5
Interstate '82,6.9
Spec Ops II: Green Berets,5.2
Delta Force 2,7.5
Nocturne,7.4
Grand Theft Auto 2,7.3
Rayman 2: The Great Escape,9.2
USAF,8.2
Seven Kingdoms II: The Fryhtan Wars,8.6
Nerf Arena Blast,8.8
Omikron: The Nomad Soul,8.5
Chessmaster 7000,8.1
Pong: The Next Level,7.4
Nations: WWII Fighter Command,6.8
FIFA 2000: Major League Soccer,8.8
Sid Meier's Alien Crossfire,8.7
Revenant,8.3
Shadow Company: Left For Dead,7.3
Nightlong,6.8
The Next Tetris,6.5
Army Men: Toys in Space,4.8
NASCAR Racing 3,9.2
Deer Hunt Challenge,5.3
Armored Fist 3,6.9
Poker Night with David Sklansky,6.4
Extreme Winter Sports,3.7
AMA Superbike,4.5
Disciples: Sacred Lands,8.5
Silver,7.1
Driver,8.9
Panzer General 3D Assault,7.6
Fly!,4.8
Harley-Davidson: Race Across America,4.8
Cutthroats: Terror on the High Seas,6.2
FreeSpace 2,8.9
Ted Nugent Wild Hunting Adventure,7.4
NHL 2000,8.2
Tom Clancy's Rainbow Six: Rogue Spear,9.2
Pandora's Box,7.6
Expert Pool,8.3
K.O.,4.3
NBA Inside Drive 2000,6.5
Sinistar: Unleashed,7.5
Legacy of Kain: Soul Reaver,9.2
Extreme Mountain Biking,3.5
Mob Rule,5.2
The Operational Art of War II: Modern Battles 1956 - 2000,8.6
Animaniacs: A Gigantic Adventure,3.5
LEGO Racers,6.1
Outcast,8.5
Drakan: Order of the Flame,8.1
Clans,5.3
Gulf War: Operation Desert Hammer,3.3
Braveheart,4.2
Man of War II: Chains of Command,5.7
Civilization II: Test of Time,7.8
Disney's Tarzan Action Game,7.3
Starshot: Space Circus Fever,6.5
Hidden & Dangerous,7.6
WWII GI,3.2
Superbike World Championship,8.3
Skydive!,2.2
Jagged Alliance 2,8.5
"Warhammer 40,000: Rites of War",6.1
Atari Arcade Hits,8.6
bleem!,5.5
Ring: The Legend of the Nibelungen,2.7
Kingpin: Life of Crime,8.3
Ultimate 8 Ball,7.4
PGA Championship Golf 1999 Edition,7.6
Links Extreme,5.3
Pro 18 World Tour Golf,5.3
Dungeon Keeper 2,8.9
F-22 Lightning 3,8.4
Total Annihilation: Kingdoms,6.9
Worms Armageddon,8.6
Need for Speed: High Stakes,7.5
Might and Magic VII: For Blood and Honor,7.7
Force 21,7.8
Jane's Fleet Command,6.8
Midtown Madness,8.4
Extreme Boards & Blades,1.8
Monaco Grand Prix Racing Simulation 2,7.2
Star Trek The Next Generation: Birth of the Federation,5.5
MechWarrior 3,9.3
"Grand Theft Auto Mission Pack #1: London, 1969",7.8
Sports Car GT,7.3
Extreme WaterSports,1.8
Magic & Mayhem,7.3
Apollo 18,4.2
F-16 Aggressor,7.5
Yoot Tower,7.8
Boss Rally,7.3
Lands of Lore III,4.9
Extreme Bullrider,2.3
Enemy Engaged: Apache V Havoc,7.1
Commandos: Beyond the Call of Duty,7.9
Civilization: Call to Power,4.8
Falcon 4.0,8.4
Machines,7.2
Rollcage,5.2
Imperialism II: The Age of Exploration,8.4
Fighter Squadron: The Screamin' Demons over Europe,7.2
Army Men II,4.4
Recoil,8.3
Redline,7.1
EverQuest,8.4
Resident Evil 2,6.8
NASCAR Revolution,4.5
Beavis and Butt-head Do U.,5.6
WCW Nitro,4.8
South Park,4.5
CyberStrike 2,6.9
Barrage,3.7
Myth II: Soulblighter,8.9
Sid Meier's Alpha Centauri,9.5
FunPack 3D,3.7
Beavis and Butt-head: Bunghole in One,4.4
Pro Pinball: Big Race USA,7.4
Wetrix,7.8
Baldur's Gate,9.4
Speed Busters: American Highways,7.8
Snowmobile Championship 2000,5.1
Sierra Sports: Skiing 1999 Edition,2.5
Castrol Honda Superbike World Champions,7.1
Thunder Brigade,6.2
Top Gun: Hornet's Nest,5.1
Luftwaffe Commander,5.2
Wheel of Fortune,6.9
Vigilance,5.8
Vangers: One for the Road,6.7
Urban Assault,6.8
Tom Clancy's Rainbow Six,9.4
Tomb Raider III: Adventures of Lara Croft,7.7
TOCA Touring Car Championship,8.2
Tiger Woods 99 PGA Tour Golf,7.8
Test Drive: Off-Road 2,4.5
Test Drive 5,7.8
Starship Titanic,4.9
Space Bunnies Must Die!,6.5
Return Fire,7.8
Rage of Mages,4.6
Quest For Glory V: Dragon Fire,6.6
Pro Pilot 99,5.8
Powerslide,8.3
Populous: The Beginning,8.6
Plane Crazy,8.5
NFL Blitz,8.5
Need for Speed III: Hot Pursuit,7.3
NBA Live 99,8.6
Moto Racer 2,8.6
Montezuma's Return,6.3
MechCommander,7.8
Madden NFL 99,8.5
M.A.X. 2,3.7
King's Quest: Mask of Eternity,7.8
Independence War,7.6
iF/A-18E Carrier Strike Fighter,6.8
H.E.D.Z. (Head Extreme Destruction Zone),6.5
Peter Jacobsen's Golden Tee Golf,7.2
Forsaken,8.5
European Air War,8.2
Dune 2000,5.3
Dethkarz,6.8
Delta Force,8.7
Dark Vengeance,6.8
Centipede,7.6
The Game of Life (1998),7.5
Carnivores,7.3
Brunswick Circuit Pro Bowling,6.4
Asteroids,6.8
Fatal Abyss,5.3
Microsoft Golf Version 2.0,7.4
Wargasm,7.8
Return to Krondor,7.4
Oddworld: Abe's Exoddus,8.5
The Settlers III,6.9
Tom Clancy's Rainbow Six Mission Pack: Eagle Watch,8.6
Pinball Arcade,5.2
Global Domination,3.6
Microsoft Combat Flight Simulator: WWII Europe Series,6.9
Gangsters,8.5
Star Wars: Rogue Squadron 3D,8.3
Half-Life,9.5
Fallout 2,8.9
Grim Fandango,9.4
Return Fire 2,7.8
Trespasser,4.7
Railroad Tycoon II,8.9
Axis & Allies: The Ultimate WWII Strategy Game,8.2
Deep Sea Trophy Fishing,1.8
Leisure Suit Larry's Casino,6.2
Commandos: Behind Enemy Lines,8.2
Sensible Soccer '98,4.3
Pro Bass Fishing,2.9
Deathtrap Dungeon,4.7
Final Fantasy VII,8.2
Twisted Metal 2,3.5
NBA Action 98,3.5
Conquest: Frontier Wars,8.8
Wizardry 8,7.5
MechWarrior 3: Pirate's Moon Expansion Pack,7.2
BreakNeck (2000),8.2
Warlords Battlecry,8.4
